round,hour,load
0,1,12812.71158
0,2,16082.26404
0,3,17487.67927
0,4,13955.76569
1,1,11000
1,2,16000
1,3,18200
1,4,15000
2,1,13000
2,2,15000
2,3,19000
2,4,15000
3,1,14000
3,2,17200
3,3,18200
3,4,16000
4,1,12200
4,2,16000
4,3,18500
4,4,14200
5,1,14000
5,2,16200
5,3,19000
5,4,16000
6,1,12200
6,2,16000
6,3,18200
6,4,15000